alias 'arrsjef' Arrsjefen <arrsjefen@rf.uio.no>
alias 'core' Bamsemomspatruljen <svada-core@rf.uio.no>
alias 'km' Kjellermester <kjellermesteren@rf.uio.no>
alias 'penger' <regi-okonomi@rf.uio.no>
alias 'vgsjef' Vaktgruppesjef <vaktgruppesjef@rf.uio.no>
alias 09000@telenor.com 09000@telenor.com
alias AK-Bækkelie Anne Katrine Bækkelie <akbakkelie@gmail.com>
alias Academia.edu <noreply@academia-mail.com>
alias Addnature <newsletter@email.addnature.com>
alias Altinn <noreply@altinn.no>
alias Andrea <news@songkep.online>
alias Armygear.com <post@armygear.com>
alias Atlassian <no-reply@atlassian.com>
alias Auris <sales@theauris.com>
alias Authy <noreply@authy.com>
alias Auto-Receipt <noreply@mail.authorize.net>
alias BRAASPORT <noreply@braasport.no>
alias BackerCity <contact@backercity.com>
alias Bilpleiekongen <ikkesvar@bilpleiekongen.no>
alias Bilpleiekongen <noreply@bilpleiekongen.no>
alias Bitcoin <newsletter@email.au247delivry.com>
alias Bokklubbentilbud <accounting@jemspublications.com>
alias COSS <no-reply@coss.io>
alias Christian-Magnus Mohn
alias Coalatree <info@coalatree.com>
alias Codecademy <learn@codecademy.com>
alias Codecademy <newsletter@codecademy.com>
alias Coextinction <coextinctionfilm@gmail.com>
alias Coinbase <contact@coinbase.com>
alias Crowdin <noreply@crowdin.com>
alias DELL.CPH@DBSCHENKER.COM DELL.CPH@DBSCHENKER.COM
alias DNB <noreply@info.dnb.no>
alias DNB <nybedriftskunde@dnb.no>
alias Dell <membersupport@ecampaigns.dell.com>
alias Digipost <no-reply@digipost.no>
alias DigitalOcean <hacktoberfest@news.digitalocean.com>
alias Discord <noreply@discordapp.com>
alias Drømmepenger <acct@itemfinder.org>
alias EA <EA@e.ea.com>
alias EksklusiveLånetilbud <news@buyclash.com>
alias EksklusiveLånetilbud <news@extremewhitetailmakeover.com>
alias Electroneum <no-reply@electroneum.com>
alias Enki <hello@enki.com>
alias Enki <ping@enki.com>
alias Eve <store@eve-tech.com>
alias Eve-Tech <support@eve-tech.com>
alias Facebook <notification+hd1i-w5i@facebookmail.com>
alias Facebook <notification@facebookmail.com>
alias Facebook <security@facebookmail.com>
alias Firmapost <firmapost@brreg.no>
alias Fjellsport.no <kampanjer@fjellsport.no>
alias Fjellsport.no <kundeservice@fjellsport.no>
alias Fjellsport.no <post@fjellsport.no>
alias GallupPanelet <24timer@tns-gallup.no>
alias GallupPanelet <galluppanelet@tns-global.com>
alias GallupPanelet <survey@galluppanelet.no>
alias Garmin <garmin@mails.garmin.com>
alias GitHub <no-reply@github.com>
alias GitHub <noreply@github.com>
alias Gjensidige <gjensidige.privat@gjensidige.no>
alias Gjensidige <gjensidige@nettsvar.no>
alias Gjensidige <varsel.bedrift@gjensidige.no>
alias GoMore <support@gomore.no>
alias Google <no-reply@accounts.google.com>
alias HANTEK <kontakt@hantek.no>
alias HeySpin <info@scubavue.com>
alias Indiegogo <announcements@indiegogo.com>
alias Ipsos/Gjensidige <noreply@ipsos.no>
alias IpsosMMI <rune.eilertsen@ipsos.com>
alias Jenny <jenny@cryptoretirementplan.co>
alias John <john@gproduction.no>
alias Keybase <notify@keybase.io>
alias Keybase.io <notify@keybase.io>
alias Kickstarter <no-reply@kickstarter.com>
alias Kickstarter <no-reply@kickstarter.com>
alias Kinopluss <ikkesvar@kinopluss.nfkino.no>
alias Kitchn <ikkesvar@kitchn.no>
alias Kitchn <post@kitchn.no>
alias Kjersti1992 <info@littlemis.net>
alias Klarna <noreply-no@klarna.no>
alias Klarna <noreply.klarna@klarna.no>
alias Koala-Gear <customercare@koala-gear.com>
alias Koala-Gear <info@koala-gear.com>
alias Koala-Gear <support@s.backerkit.com>
alias Komplett.no <auto-mailer@komplett.no>
alias Komplett.no <komplett@komplett.no>
alias KuCoin <newsletter@kucoin.com>
alias Last.fm <music@last.fm>
alias LensWay <info@lensway.no>
alias Lifesum <contact@email.lifesum.com>
alias Linjer <hello@linjer.co>
alias LinkedIn <invitations@linkedin.com>
alias LinkedIn <jobs-listings@linkedin.com>
alias Lånekassen <noreply@laanekassen.no>
alias Lånekassen <post@lanekassen.no>
alias MAXBO <info@ktoohike.com>
alias MAXBO <info@rahusabhl.com>
alias MAXBO <info@setuback.com>
alias MAXBO <info@titanvega.com>
alias Marit Egner
alias Massdrop <info@i.massdrop.com>
alias Massdrop <notifications@n.massdrop.com>
alias MathWorks <mathworks@go.mathworks.com>
alias MaxGaming <nyhetsbrev@maxgaming.se>
alias Maximiliano Horta
alias Maximiliano Horta<mailto:m.n.horta@mn.uio.no>
alias Mette <newsletter@inzity.com.de>
alias Microsoft-kontoteamet <account-security-noreply@accountprotection.microsoft.com>
alias Milrab.no <support@milrab.no>
alias Milrab.no <update@milrab.no>
alias Mittanbud.no <info@e.mittanbud.no>
alias Monica <contato@extramkt.com.br>
alias Monica <retorno@julisegnews.com.br>
alias Morsel <no-reply@s.backerkit.com>
alias NO-REPLY@RINGNES.NO NO-REPLY@RINGNES.NO
alias NURA® <orders@nuraphone.com>
alias NameJet <donotreply@ex.namejet.com>
alias Nikolas Papaioannou
alias Norlønn <salg@norlonn.no>
alias NorseGear <noreply@norsegear.com>
alias Norsegear <noreply@norsegear.com>
alias NorskeAutomater <kundeservice@norskeautomater.com>
alias Notification <info@ktoohike.com>
alias Notification <info@rahusabhl.com>
alias Notification <info@setuback.com>
alias OnePlus <boom@oneplus.com>
alias OnePlus <boom@oneplus.net>
alias Orbitkey <reply@s.backerkit.com>
alias Origin <noreply@e.ea.com>
alias Outdoorexperten <kundeservice@outdoorexperten.no>
alias Outdoorexperten.no <kundeservice@outdoorexperten.no>
alias PRODDAILY@ringnes.no <PRODDAILY@ringnes.no>
alias Panel.no <panel_norway@norstatsurveys.com>
alias Panel.no <recruit_norway@norstatsurveys.com>
alias Paul <updates@mailopedia.com>
alias PayPal <paypal@mail.paypal.no>
alias Personal <personal@tusenfryd.no>
alias Piazza <no-reply@piazza.com>
alias Picsolve <gdpr@picsolve.com>
alias PostNorge <newsletter@email.loyaltyprogram-service-desk.com>
alias Power_Norge@power.no Power_Norge@power.no
alias Prisjakt <noreply@prisjakt.no>
alias Prisjakt.no <noreply@news.prisjakt.no>
alias RF-REGI <mail.eaccounting@visma.no>
alias RONNY.SORENSEN@MOLLER.NO RONNY.SORENSEN@MOLLER.NO
alias Rocketbook <hello@getrocketbook.com>
alias Ryan <ryan@theknowledge.football>
alias STORY <info@setuback.com>
alias SYMPA <sympa@rf.uio.no>
alias Sander <info@alongcatm.com>
alias Skadepost <Skadepost@aig.com>
alias SketchUpdate <SketchUpdate@sketchup.com>
alias Slack <feedback@slack.com>
alias Slack <no-reply-0SHmzFMnDB86RmK1no7olmNL@slack.com>
alias Slack <no-reply-4vPrTWc9HnopEogxzOIZLse7@slack.com>
alias Slack <no-reply-D4Cm671R14zdi7jN47BJryZK@slack.com>
alias Slack <no-reply-ENkbPSGUOb0MzsA3MhtLR3Dn@slack.com>
alias Slack <no-reply-HURLJcYrDEReKnh6OB7eJeeU@slack.com>
alias Slack <no-reply-QLjK722aG2jTQhFOyg77gBJd@slack.com>
alias Slack <no-reply-RbZ1Ilj1TJTGLU3uY5JQ4mpV@slack.com>
alias Slack <no-reply-V2dgNLVgSVgMZFr3BtHsO3NR@slack.com>
alias Slack <no-reply-a2QaECopeVM4sF14KREYdd8c@slack.com>
alias Slack <no-reply-abStPVMvnwPDyBtlkzRTvCJE@slack.com>
alias Slack <no-reply-bnpL6jC4NpxsmhdIcHKORM0K@slack.com>
alias Slack <no-reply-eW5YorQYghUEQrGVEwNn0jq2@slack.com>
alias Slack <no-reply-nOcvlXg2jcpGGGSKBtHdyAnF@slack.com>
alias Slack <no-reply-q4QFglWK1RvsW1s1kLCuqJnL@slack.com>
alias Slack <no-reply-qtpdPSg4wbbz7iuvhhKYFZ68@slack.com>
alias Slack <no-reply-r1LyQctXOpbyPbSJuHkpNeBe@slack.com>
alias Slack <no-reply-sRGV8ATZ8wL8D8jB8ogi20J0@slack.com>
alias Slack <no-reply-tHUxFIiZrehPHcPqHppiHFeQ@slack.com>
alias Slack <no-reply-zfOFY9IjQ9jONCVdXtdobPqf@slack.com>
alias Sony <MySony@mail.sony-europe.com>
alias Steam <noreply@steampowered.com>
alias Strava <privacy@update.strava.com>
alias StudentTorget.no <support@studenttorget.no>
alias Studenttorget.no <support@studenttorget.no>
alias Suksess <bounceback@understandingtax.com>
alias Support@mytrendyphone.no Support@mytrendyphone.no
alias Suunto <noreply@email.suunto.com>
alias Tekna <utsending@tekna.no>
alias Tekna.no <no-reply@tekna.no>
alias Tekna.no <webmaster@tekna.no>
alias Telenor <telenordialog1@telenor.com>
alias Terje Kvernes
alias Tomorrowland <noreply@tomorrowland.com>
alias Trexie <aladoro@vsmtp.europamultimedia.it>
alias Twitter <info@twitter.com>
alias Twitter <password@twitter.com>
alias Twitter <verify@twitter.com>
alias UiO <u.q.nguyen@mn.uio.no>
alias UiO-Canvas <uio-canvas@bibsys.no>
alias UiO-INF3331 <noreply@github.com>
alias Unix-drift <unix-drift@usit.uio.no>
alias Utleie <utleie@svff.no>
alias VisualPing <hello@visualping.io>
alias Volkswagenbutikken.no <noreply@volkswagenbutikken.no>
alias Webmaster <webmaster@ifi.uio.no>
alias XXL <nyhetsbrev@xxl.no>
alias XtremeSkins <info@xtremeskins.co.uk>
alias YouTube <noreply@youtube.com>
alias Zotero <do-not-reply@zotero.org>
alias aaron@enjoyvue.com-surveymonkey.com aaron@enjoyvue.com via surveymonkey.com <member@surveymonkey.com>
alias abdalea@student.matnat.uio.no abdalea@student.matnat.uio.no
alias abjurste@student.matnat.uio.no abjurste@student.matnat.uio.no
alias ace-marks Ace Marks <info@acemarks.com>
alias ace-marks Ace Marks <no-reply@acemarks.com>
alias addnature <service@email.addnature.no>
alias addnature-sale Addnature | SALE <newsletter@email.addnature.com>
alias addnature-salg Addnature | SALG <newsletter@email.addnature.com>
alias admin <bounce@defensecat.com>
alias adnan-alisa Adnan Alisa <notifications@github.com>
alias adnan-vrevic Adnan Vrevic <adnvre@gmail.com>
alias adrian-eriksen Adrian Eriksen <adrian_eriksen92@hotmail.com>
alias adrian-helle Adrian Helle <adriah@ifi.uio.no>
alias adrian-helle Adrian Helle <adrian.helle@usit.uio.no>
alias advances-matrix Advances in Linear Algebra & Matrix Theory
alias advances-theory Advances in Linear Algebra & Matrix Theory <alamt@dustrye.com>
alias advances-theory Advances in Linear Algebra & Matrix Theory <alamt@highloy.com>
alias advances-theory Advances in Linear Algebra & Matrix Theory <alamt@westgeh.com>
alias agonm@student.uv.uio.no agonm@student.uv.uio.no
alias aila-aspås Aila Aspås <ailaasp@gmail.com>
alias akademisk-skytterlag Akademisk Skytterlag <asl-styret@studorg.uio.no>
alias aksel-graneng aksel graneng <akselgraneng@gmail.com>
alias albert-news Albert p news <news@realworldcities.com>
alias alexander-fleischer Alexander Fleischer <alexalexfleischer@gmail.com>
alias alexander-fleischer Alexander Fleischer <alexander.fleischer@fys.uio.no>
alias alexander-fleischer Alexander Fleischer <fleisch91@gmail.com>
alias alexander-hauglin Alexander Hauglin <alexander.hauglin@usit.uio.no>
alias alexander-kvam Alexander Kvam <alexander.kvam@usit.uio.no>
alias alida-hardersen Alida Hardersen <alidafh@gmail.com>
alias alina-zjalilova Alina Zjalilova <alina.95@hotmail.com>
alias allore-foodies Allore Foodies <info@trelge.com>
alias allore-foodies Allore foodies <info@bonows.com>
alias allore-foodies Allore foodies <info@trelge.com>
alias alocias-m Alocias M <alocias0@gmail.com>
alias alpha-co. Alpha Clothing Co. <support@alphaclothing.co>
alias altavista-property Altavista Property <news@buyclash.com>
alias altavista-property Altavista Property <news@painterweymouthma.com>
alias amazon-services Amazon Web Services <aws-marketing-email-replies@amazon.com>
alias amund-asheim amund asheim <amund-asa@hotmail.com>
alias amund-isaksen Amund Isaksen <amundi96@gmail.com>
alias amy-gear Amy - Garage Grown Gear <amy@garagegrowngear.com>
alias anders-bruvik Anders Bruvik <abruvik@ifi.uio.no>
alias anders-dahlen Anders Dahlen <anders.dahlen@gmail.com>
alias anders-dahlen Anders Dahlen <anders.dahlen@gmail.com>
alias anders-guneriussen Anders Guneriussen <anders@ag-installasjon.no>
alias anders-knatten Anders Schau Knatten <anders@knatten.org>
alias anders-søberg Anders Søberg <dunders2@gmail.com>
alias anders-vinger Anders Vinger <anders.vinger@usit.uio.no>
alias anders-widding Anders Ringereide Widding <a.r.widding@usit.uio.no>
alias andre-nilsen Andre Nilsen <andre.nilsen@jus.uio.no>
alias andrea-nostdahl Andrea Nostdahl <andreanostdahl@gmail.com>
alias andreas-dobloug Andreas Dobloug <andreas.dobloug@usit.uio.no>
alias andreas-finn.no Andreas via FINN.no <samtale-p6mro5s4v@kontakt.finn.no>
alias andreas-hansen Andreas Nyborg Hansen <andrnha@student.matnat.uio.no>
alias andreas-jensen Andreas Jensen <andreas@urbankitchen.no>
alias andreas-tandberg Andreas Tandberg <andreas.tandberg@mn.uio.no>
alias andrey-promo Andrey w promo <info@alongcatm.com>
alias anette-fredriksen Anette Fredriksen <anette.fredriks1@gmail.com>
alias anette-morken anette morken <afm_hamster@hotmail.com>
alias anita-gråberget Anita Gråberget <ag@benum.com>
alias anita-gråberget Anita Gråberget [mailto:ag@benum.com]
alias anna-jenssen Anna Jenssen <anna.pinki@gmail.com>
alias anna-valberg Anna Helene Valberg <a.h.valberg@mn.uio.no>
alias annakfl@student.matnat.uio.no annakfl@student.matnat.uio.no
alias anne-bækkelie Anne Katrine Bækkelie <akbakkelie@gmail.com>
alias anne-bækkelie Anne Katrine Bækkelie [mailto:akbakkelie@gmail.com]
alias anonymous-(confluence) Anonymous (Confluence) <cyb-confluence@hsw.no>
alias answers-hq Answers HQ <AnswerHQ@ea.com>
alias anton-club Anton Club <nyhetsbrev@antonsport.no>
alias arbjarko@student.farmasi.uio.no arbjarko@student.farmasi.uio.no
alias are-sløtte Are Sløtte <aretov@live.com>
alias arild-johnsen Arild Leikarnes Johnsen <a.l.johnsen@usit.uio.no>
alias arnstein-orten Arnstein Orten <arnstein.orten@geo.uio.no>
alias asad-ahmed Asad Sajjad Ahmed <asadsa@ifi.uio.no>
alias asbjørn-larsen Asbjørn Larsen <asthela96@hotmail.com>
alias asta-f. Asta F. <news@realwarflix.com>
alias astri-brøto Astri Åmellem Brøto <feedback@questback.com>
alias atea-kundesenter Atea Kundesenter <donotreply@atea.no>
alias atendi-as ATENDI AS <noreply@atendi.no>
alias atle-oftedahl atle oftedahl <atleofte@gmail.com>
alias audun-josang Audun Josang <audun.josang@mn.uio.no>
alias audun-jøsang Audun Jøsang <audun.josang@mn.uio.no>
alias aurora-kobernus Aurora Kobernus <aurorakobernus@gmail.com>
alias axel-rosén Axel Rosén <parosen@student.matnat.uio.no>
alias axel-rosén Axel Rosén <parosen@usit.uio.no>
alias ayla-souza Ayla Souza <ayla.bosso@hotmail.com>
alias backerkit-favorites BackerKit Staff Favorites <no-reply@backerkit.com>
alias backerkit-team BackerKit Team <Support@backerkit.com>
alias balder-morsund Balder Bryn Morsund <balder.morsund@gmail.com>
alias bartas-venckus Bartas Venckus <bartasv@ifi.uio.no>
alias bartasv@ifi.uio.no bartasv@ifi.uio.no
alias bastion-llc BASTION LLC <info@bastiongear.com>
alias bastion-llc BASTION LLC <support@s.backerkit.com>
alias befalets-fellesorganisasjon Befalets Fellesorganisasjon <post@bfo.no>
alias bendik-dalen Bendik Steinsvåg Dalen <bendiksd@student.matnat.uio.no>
alias benedicte-rafn Benedicte Rafn <benedicte.rafn@operaen.no<mailto:benedicte.rafn@operaen.no>>
alias benjamin-bornø Benjamin Aargaard Bornø <Benjamin.AargaardBorno@hoyre.no>
alias benjamin-breiby Benjamin Breiby <benjamin.breiby@usit.uio.no>
alias berit-rødsand Berit Rødsand <berit.rodsand@admin.uio.no>
alias bernt-roalkvam Bernt Roalkvam <bernt.roalkvam@startuio.no>
alias betina-wester Betina Høyer Wester <betina.wester@hotmail.com>
alias betul-cokluk Betul Cokluk <betul.cokluk@hotmail.com>
alias bilpleiekongen-as Bilpleiekongen AS <ikkesvar@bilpleiekongen.no>
alias bilpleiekongen-as Bilpleiekongen AS <kundeservice@bilpleiekongen.no>
alias bilpleiekongen-as Bilpleiekongen AS <noreply@bilpleiekongen.no>
alias bilradiospesialisten-as Bilradiospesialisten AS <kundeservice1@bilradiospes.no>
alias bitcoin-lønn bitcoin lønn <info@parklit.com>
alias bitcoin-payout Bitcoin payout <bounceback@insurance-packages.com>
alias bitcoin-reminder Bitcoin reminder <info@emureb.com>
alias bitcoin-wallet Bitcoin wallet <info@ktoohike.com>
alias bitcoins-pending Bitcoins pending <info@titanvega.com>
alias bitcoins-truth Bitcoins truth <info@rahusabhl.com>
alias bjørn-aage-bilpleiekongen Bjørn-Aage fra Bilpleiekongen <kundeservice@bilpleiekongen.no>
alias bjørn-aage-bilpleiekongen Bjørn-Aage hos Bilpleiekongen <noreply@bilpleiekongen.no>
alias bjørn-haugerud Bjørn Haugerud <haugerud@outlook.com>
alias bjørn-karstensen Bjørn Erik Karstensen <b.e.karstensen@admin.uio.no>
alias bjørn-ness Bjørn Ness <bjorn.ness@usit.uio.no>
alias bk-picks BK Gaming Picks <no-reply@backerkit.com>
alias blodgivning@ous-hf.no <blodgivning@ous-hf.no>
alias bodil.eilertsen@nsm.stat.no bodil.eilertsen@nsm.stat.no
alias brede-nilsen Brede Ruben Nilsen <b.r.nilsen@sv.uio.no>
alias brit-rustad Brit Heidi Rustad <b.h.rustad@ub.uio.no>
alias c03r@knatten.org c03r@knatten.org
alias callabee-as CALLABEE FILM AS <contact@callabeefilmas.com>
alias camilla-kuhlman Camilla Kuhlman <camilla.kuhlman@admin.uio.no>
alias caselabs-store CaseLabs Store <cs@caselabs.net>
alias cecily-zhang Cecily Yan Zhang <cecilyyz@student.matnat.uio.no>
alias cecily-zhang Cecily Zhang <cecily117cecily@hotmail.com>
alias cecily-zhang Cecily Zhang <cecilyyz@student.matnat.uio.no>
alias cerebrum-drift-rt cerebrum-drift via RT <cerebrum-drift@usit.uio.no>
alias chill-systems Chill Systems <no-reply@s.backerkit.com>
alias christian--mohn Christian- Magnus Mohn <chrismoh@gmail.com>
alias christian-alme Christian Odin Alme <chrisoa@student.matnat.uio.no>
alias christian-alme Christian Odin Alme <odin.alme@gmail.com>
alias christian-as) Christian Langberg (Bilradiospesialisten AS) <kundeservice1@bilradiospes.no>
alias christian-magnus-mohn Christian-Magnus Mohn <c.m.mohn@hf.uio.no>
alias christian-magnus-mohn Christian-Magnus W. Mohn <chrismoh@gmail.com>
alias christian-s Christian S <velfundert@gmail.com>
alias christina-eide Christina Eide <chrei@student.matnat.uio.no>
alias christina-unanue Christina Unanue <christina.chiang@gmail.com>
alias christine-hansen Christine Hansen <chr2@online.no>
alias christo-ananth CHRISTO ANANTH <connect@christoananth.com>
alias christoffer-b. Christoffer kleven B. <cklevenb@gmail.com>
alias christopher-antwi Christopher Antwi <christopher.antwi@admin.uio.no>
alias christopher-serck Christopher Sæbø Serck <c.s.serck@geo.uio.no>
alias coca-cola-norway Coca-Cola Norway <noreply@email-cokezone.no>
alias comfort-tromsø Comfort Hotel Xpress Tromsø <30d23mq3140856e2399@q.nordicchoicehotelsdialog.com>
alias confirm-today Confirm today <info@trelge.com>
alias connect-id CONNECT ID <no-reply@telenordigital.com>
alias cron-daemon Cron Daemon <root@usit.uio.no>
alias customersupport.no@eu.sony.com customersupport.no@eu.sony.com
alias céline-darras Céline Darras <darras.celine@gmail.com>
alias d.a.pughe@geo.uio.no d.a.pughe@geo.uio.no
alias dag-backer Dag Backer <dag.backer@ub.uio.no>
alias dag-langmyhr Dag Frette Langmyhr <dag@ifi.uio.no>
alias dag-langmyhr Dag Langmyhr <dag@ifi.uio.no>
alias dag-tordsson Dag Tordsson <dag@amatoren.no>
alias dagfinn-bergsager Dagfinn Bergsager <dagfinn.bergsager@usit.uio.no>
alias dan-heggø Dan Michael O. Heggø <d.m.heggo@ub.uio.no>
alias dana-zangana Dana Aso Zangana <danaaz@ifi.uio.no>
alias dana-zangana Dana Zangana <danaaz@ifi.uio.no>
alias danaaz <danaaz@ifi.uio.no>
alias daniel-høisveen Daniel Høisveen <daniel.hoisveen@usit.uio.no>
alias daniel-mo Daniel Mo <daniemo@ifi.uio.no>
alias daniel-mo Daniel Mo <daniemo@student.matnat.uio.no>
alias daniel-news Daniel promo news <carl@newportnewsresidentialcontractor.com>
alias daniesis@student.matnat.uio.no daniesis@student.matnat.uio.no
alias darwish-ali Darwish Jardo Ali <darwisha@student.matnat.uio.no>
alias darwisha@student.matnat.uio.no darwisha@student.matnat.uio.no
alias david-anderson David Anderson <info@emureb.com>
alias david-anderson David Anderson <info@ktoohike.com>
alias david-anderson David Anderson <info@titanvega.com>
alias david-kristensen David Kai Christen Kristensen <dkkriste@ifi.uio.no>
alias david-pughe David Alun Pughe <d.a.pughe@geo.uio.no>
alias dell-inc. Dell Inc. <no_internet_orders@dell.com>
alias den-turistforening Den Norske Turistforening <ikkesvar@dnt.no>
alias den-turistforening Den Norske Turistforening <no-reply@dnt.no>
alias dennis-loiman Dennis loiman <info@setuback.com>
alias detailers-norway Detailers Club Norway <forum@detailersclub.no>
alias diet-specialists Diet specialists <info@bhishmay.com>
alias dilbi-tishow Dilbi Siraj Tishow <dilbiisa@student.matnat.uio.no>
alias dilbiisa@student.matnat.uio.no dilbiisa@student.matnat.uio.no
alias diskusjon-request@rf.uio.no diskusjon-request@rf.uio.no
alias distribution@nets.eu distribution@nets.eu
alias djgruppen-request@rf.uio.no djgruppen-request@rf.uio.no
alias dnb-online DNB Markets Equity Online <ah.markets@dnb.no>
alias dnb-sluttseddel DNB sluttseddel <sluttseddel@dnb.no>
alias do.not.reply@connect.visma.com do.not.reply@connect.visma.com
alias documents@jetcarrier.net documents@jetcarrier.net
alias dominos-norge Dominos Norge <hd@dominos.no>
alias dominos-pizza Dominos Pizza <dominos@dominos.no>
alias dorthea-enger Dorthea Enger <dorthea.enger@gmail.com>
alias dustin-home Dustin home <noreply@dustinhome.no>
alias døgnvill-tjuvholmen Døgnvill Tjuvholmen <no-reply@dinnerbooking.com>
alias døgnvill-tjuvholmen Døgnvill Tjuvholmen <post@dognvilltjuvholmen.no>
alias eBay <eBay@reply1.ebay.com>
alias eBay <ebay@ebay.com>
alias ea-experience EA Customer Experience <customerexperience-noreply@ea.com>
alias ed-bird Ed Bird <support@picsolve.com>
alias eden-(orbitkey) Eden Mayuga (Orbitkey) <hello@orbitkey.com>
alias edge-works-manufacturing Edge-Works Manufacturing <social@tacticalholsters.com>
alias efi-as EFI AS <nyhetsbrev@efi.no>
alias eigil-skjæveland Eigil Skjæveland <eigilhs@ifi.uio.no>
alias eigil-skjæveland Eigil Skjæveland <eigilhs@student.matnat.uio.no>
alias eirik-fleisje Eirik Johannes Fleisje <eirikjfl@student.matnat.uio.no>
alias eiriknk <e.n.kosaka@fys.uio.no>
alias eivind-berg Eivind Kumle Berg <eivind.kumle@gmail.com>
alias eivind-norum Eivind Norum <eivind.norum@nmbu.no>
alias elena-jakobsen Elena Jakobsen <elena.jakobsen@mn.uio.no>
alias elena-you Elena You <elena.you@mn.uio.no>
alias elfa-no Elfa Distrelec NO <news@no.elfadistrelec.com>
alias elisabeth-ytterdal Elisabeth Høidal Ytterdal <e.h.ytterdal@usit.uio.no>
alias elise-soleng Elise Mari Soleng <elisemari91@gmail.com>
alias ellen-hoel Ellen Hoel <ellen.hoel@brightgroup.com>
alias emilie-fostvedt Emilie Fostvedt <emilie.fostvedt@gmail.com>
alias emir-finn.no Emir Gacevic via FINN.no <samtale-g5km6zewq@kontakt.finn.no>
alias equipnor-as Equipnor AS <noreply@equipnor.no>
alias erik-olivenlunden Erik fra Olivenlunden <info@olivenlunden.no>
alias erik-vestheim Erik Vestheim <erik.vestheim@usit.uio.no>
alias erik-winge Erik Winge <erik.winge@ub.uio.no>
alias erinaceus-rex Erinaceus Rex <erinaceus.rex@gmail.com>
alias erlend-amsen Erlend Øvsttun Amsen <erlendoa@student.imv.uio.no>
alias ernesto-gonzalez-benitez Ernesto Gonzalez-Benitez <ernesto.gonzalez-benitez@usit.uio.no>
alias ernesto-gonzalez-benitez Ernesto Gonzalez-Benitez [mailto:ernesto.gonzalez-benitez@usit.uio.no]
alias eskil-brun Eskil Brun <eskil@ifi.uio.no>
alias espen-grøndahl Espen Grøndahl <espen.grondahl@usit.uio.no>
alias espen-randen Espen Randen <espen.randen@usit.uio.no>
alias evalg-drift@usit.uio.no evalg-drift@usit.uio.no
alias expert-norge Expert Norge <info@mocksimon.com>
alias fagutvalg-liste@math.uio.no fagutvalg-liste@math.uio.no
alias faktura@f24s.com faktura@f24s.com
alias faktura@jetcarrier.net faktura@jetcarrier.net
alias fakturamottak@admin.uio.no fakturamottak@admin.uio.no
alias fashion-production Fashion Production <fashion.production.oslomet@gmail.com>
alias fastname.no-as fastname.no - Digital Garden AS <support@fastname.no>
alias first-as First Audio AS <even@firstaudio.no>
alias first-audio First Audio <even@firstaudio.no>
alias first-audio First Audio <kenneth@firstaudio.no>
alias first-audio First Audio <marius@firstaudio.no>
alias fjellinjen-as Fjellinjen AS <no-reply@csautopass.no>
alias floriana-lai Floriana Lai <floriana.lai@ibv.uio.no>
alias forat-al-hellali Forat Al-Hellali <f.s.h.al-hellali@mn.uio.no>
alias forat-al-hellali Forat Seifaddin Hussain Al-Hellali <f.s.h.al-hellali@mn.uio.no>
alias forat-seif Forat Seif <f.s.h.al-hellali@mn.uio.no>
alias foreninger@sio.no foreninger@sio.no
alias fortjeneste <info@flownum.com>
alias fortjeneste <info@triloky.com>
alias fr--svar FR- pb. Svar <frsvar@brreg.no>
alias frank-silye Frank Paul Silye <f.p.silye@hf.uio.no>
alias frank-silye Frank Paul Silye [mailto:f.p.silye@hf.uio.no]
alias fred-stainbrook Fred H. Stainbrook <info@walterreed.org>
alias fredreb@student.matnat.uio.no fredreb@student.matnat.uio.no
alias fredrik-vogel Fredrik Vogel <fredrikvog@gmail.com>
alias fredrik-wilhelmsen Fredrik Wilhelmsen <fredrik.wilhelmsen@usit.uio.no>
alias friedrich-mayrhofer Friedrich Mayrhofer <vschcolnikinglesi@buenosaires.gob.ar>
alias frode-vogelsang Frode Vogelsang <frode.vogelsang@jus.uio.no>
alias frode-vogelsang Frode Vogelsang [mailto:frode.vogelsang@jus.uio.no]
alias fui@ulrik.uio.no <fui@ulrik.uio.no>
alias fui@ulrik.uio.no fui@ulrik.uio.no
alias gabriella-finn.no Gabriella P via FINN.no <samtale-xuuf4m2jr@kontakt.finn.no>
alias gagandeep-kaur Gagandeep Kaur <gagandek@student.matnat.uio.no>
alias gaknowle@student.matnat.uio.no gaknowle@student.matnat.uio.no
alias gang-cheng Gang Cheng <gang.cheng@ncmm.uio.no>
alias garage-gear Garage Grown Gear <help@garagegrowngear.com>
alias gard-i. Gard I. <gardiz@gmail.com>
alias gaute-slinde Gaute Slinde <gaute.slinde@gmail.com>
alias geir-sharabi Geir Jonatan Sharabi <geirjs@yahoo.no>
alias geir-ulvik Geir Tore Ulvik <g.t.ulvik@usit.uio.no>
alias geir-ulvik Geir Tore Ulvik <gt.ulvik@gmail.com>
alias georgios-magklaras Georgios Magklaras <g.v.magklaras@ncmm.uio.no>
alias gerdmans-as Gerdmans Innredninger AS <p.brittain@gerdmans.no>
alias goar-sarkisyan Goar Sarkisyan <goar.sarkisyan@brightgroup.com>
alias google-analytics Google Analytics <analytics-noreply@google.com>
alias google-bedrift Google Min bedrift <googlemybusiness-noreply@google.com>
alias google-guides Google Local Guides <noreply-local-guides@google.com>
alias google-kalender Google Kalender <calendar-notification@google.com>
alias google-maps Google Maps <google-maps-noreply@google.com>
alias google-platform Google Cloud Platform <CloudPlatform-noreply@google.com>
alias google-play Google Play <googleplay-noreply@google.com>
alias google-team Google Translate Community Team <noreply-translate@google.com>
alias google-timeline Google Maps Timeline <noreply-maps-timeline@google.com>
alias gratulerer <info@shingajol.com>
alias greger-martinussen Greger Martinussen <greger.martinussen2@gmail.com>
alias greta-rakvaag Greta Marie Rakvaag <gretarakvaag@gmail.com>
alias grethe-johansen Grethe Thrane Johansen <g.t.johansen@admin.uio.no>
alias gunn-elin-bjørneboe Gunn-Elin Aa. Bjørneboe <g.e.a.bjorneboe@admin.uio.no>
alias gunnar-horrigmo Gunnar Horrigmo <gunnar.horrigmo@usit.uio.no>
alias gunvor-evenrud Gunvor Evenrud <gunvor.evenrud@gmail.com>
alias gyda-kjekshus Gyda E Kjekshus <g.e.kjekshus@usit.uio.no>
alias haakonbs-finn.no haakonbs via FINN.no <samtale-ae56wmufi@kontakt.finn.no>
alias hallvard-furuseth Hallvard Breien Furuseth <h.b.furuseth@usit.uio.no>
alias halvard-sutterud Halvard Sutterud <halvard.sutterud@gmail.com>
alias hanna-hansen Hanna Fjukstad Hansen <hannahansen@live.no>
alias hanne-tresselt Hanne Tresselt <hanne.tresselt@gmail.com>
alias hans-fjeld Hans Kristian Fjeld <h.k.fjeld@usit.uio.no>
alias hans-verne Hans Peter Verne <h.p.verne@geo.uio.no>
alias hantek-as Hantek Audio AS <kontakt@hantek.no>
alias hantek-as Hantek Audio AS <mailrobot@onlinebooq.com>
alias hantek-as Hantek Audio AS <post@hantek.no>
alias hantek-audio Hantek Audio <post@hantek.no>
alias harald-haram Harald Haram <impact.haram@gmail.com>
alias harald-maartmann-moe Harald Maartmann-Moe <harald.maartmann-moe@mn.uio.no>
alias healthy-recipes Healthy recipes <info@flownum.com>
alias heidi-munthe-kaas heidi vikki munthe-kaas <heidivikki@gmail.com>
alias helen-griggs Helen Griggs <no-reply@s.backerkit.com>
alias helge-bjørnhaug Helge J. Bjørnhaug <h.j.bjornhaug@admin.uio.no>
alias helge-hauglin Helge Hauglin <helge.hauglin@usit.uio.no>
alias helge-kleivane Helge Engeseth Kleivane <h.e.kleivane@mn.uio.no>
alias helge-kroghrud Helge Kroghrud <helgekro@start.no>
alias helje-svensson Helje Svensson <heljemarie@gmail.com>
alias heljemarie@gmail.com heljemarie@gmail.com
alias henda@student.matnat.uio.no henda@student.matnat.uio.no
alias henrik-ansvarlig Henrik Rief - Grafisk ansvarlig <grafisk@svff.no>
alias henrik-bøhle Henrik Bøhle <henrik.bohle@usit.uio.no>
alias henrik-kjeldsberg Henrik Kjeldsberg <henrik.kjeldsberg@live.no>
alias henrik-munthe-kaas Henrik Munthe-Kaas <henrimu@ifi.uio.no>
alias henrik-slaaen Henrik Slaaen <henrik@slaaen.com>
alias herman-loennechen Herman Loennechen <herman.loennechen@usit.uio.no>
alias heyspin <info@outerlimitsonline.com>
alias hi-fi-gate Hi-Fi Klubben Oslo Marcus Thranes gate <oslo2@hifiklubben.no>
alias hifi-gate HiFi Klubben Oslo Marcus Thranes gate <oslo2@hifiklubben.no>
alias hilde-skeie Hilde Solesvik Skeie <hilsskeie@gmail.com>
alias hostinger-team Hostinger Product team <product@hostingermail.com>
alias human-resources Human Resources <info@titanvega.com>
alias håvard-larsen Håvard Gorm Larsen <havard.gormlarsen@brightgroup.com>
alias håvard-østrem Håvard Østrem <havard.ostrem@admin.uio.no>
alias ichc-[info@icanhazchat.com] ICHC Notifications [info@icanhazchat.com] <info@icanhazchat.com>
alias ida-berg Ida Kristine Gangstø Berg <i.k.g.berg@hf.uio.no>
alias ida-larsen Ida Maria Fosback Larsen <ida.fosback@hotmail.com>
alias idun-kløvstad Idun Kløvstad <idun.klovstad@gmail.com>
alias ijaridea-board IJARIDEA INTERNATIONAL BOARD <editor@ijaridea.com>
alias ijaridea-board IJARIDEA SPECIAL ISSUE BOARD <editor@ijaridea.com>
alias ikke_svar@power.no ikke_svar@power.no
alias in-piazza IN 1020 on Piazza <no-reply@piazza.com>
alias ina.hodnebrug@mn.uio.no ina.hodnebrug@mn.uio.no
alias indica-services Indica Services <care@indicacomputerservices.in>
alias inf-piazza INF 2100 on Piazza <no-reply@piazza.com>
alias inf-piazza INF 3190 on Piazza <no-reply@piazza.com>
alias inf-piazza INF 3331 / INF4331 on Piazza <no-reply@piazza.com>
alias inf3470/4470-piazza INF3470/4470 on Piazza <no-reply@piazza.com>
alias info@norsegear.com-surveymonkey.com info@norsegear.com via surveymonkey.com <member@surveymonkeyuser.com>
alias ingrid-kittang Ingrid Aas Kittang <ingrid.a.kittang@gmail.com>
alias ingrid-news Ingrid p news <team@bmoveriify.com>
alias ingrid.sand@mn.uio.no ingrid.sand@mn.uio.no
alias ingunn-eikerol Ingunn Andvord Eikerol <ingunsan@gmail.com>
alias ingvild-aabye Ingvild Aabye <ingvild.aabye@gmail.com>
alias ingvild-nilsson Ingvild Garmo Nilsson <ingvildgn1997@gmail.com>
alias international@mn.uio.no international@mn.uio.no
alias iris-berg Iris Anna Berg <iris.anna.berg@gmail.com>
alias isabel-charoenjit isabel charoenjit <isabelcharoenjit@gmail.com>
alias isak-bjørn Isak Eriksen Bjørn <isakeb@student.matnat.uio.no>
alias ivan-makedonov Ivan Makedonov <ivan@tgruppen.no>
alias jan-ole Jan Ole Åkerholm
alias jan-åkerholm Jan Ole Åkerholm <janoleakerholm@gmail.com>
alias jan-åkerholm Jan Ole Åkerholm <janoleakerholm@gmail.com>
alias jarl-robin-evensen Jarl-Robin B. Evensen <robin.be.92@gmail.com>
alias jarle-kvalsund Jarle Kvalsund <jarle.kvalsund@brightgroup.com>
alias jeanette-viken Jeanette Viken <jeanette.viken@gmail.com<mailto:jeanette.viken@gmail.com>>
alias jeanette-viken Jeanette Viken <jeanette.viken@gmail.com>
alias jeanette-viken Jeanette Viken <nestleder@studentvelferd.no>
alias jens-bertheussen Jens Martin Bertheussen <j.m.bertheussen@uv.uio.no>
alias jetcarrier-documentsystem Jetcarrier Documentsystem <documents@jetcarrier.net>
alias jetcarrier-support Jetcarrier Support <support@jetcarrier.net>
alias jiader-chou Jiader Chou <jiaderc@ifi.uio.no>
alias jim-tørresen Jim Tørresen <jimtoer@ifi.uio.no>
alias jo-sama Jo Sama <jo.sama@usit.uio.no>
alias joakim-hovlandsvåg Joakim S. Hovlandsvåg <joakim.hovlandsvag@usit.uio.no>
alias joakim-johnstad Joakim Johnstad <joakim96johnstad@gmail.com>
alias joakim-taraldsen Joakim Magnus Taraldsen <j.m.taraldsen@usit.uio.no>
alias joakim-tjøstheim Joakim Tjøstheim <joakimtjostheim@outlook.com>
alias jobs-online Jobs online <info@setuback.com>
alias joe-lemay Joe Lemay <hello@getrocketbook.com>
alias johanmeh@student.matnat.uio.no johanmeh@student.matnat.uio.no
alias johanna-blomster Johanna Katarina Blomster <j.k.blomster@psykologi.uio.no>
alias johanne-mehren Johanne Mehren <johanmeh@student.matnat.uio.no>
alias john-granlund John Arne Neraal Granlund <john@gproduction.no>
alias john-libermann John libermann <info@ktoohike.com>
alias john-lucas John Lucas <info@greobell.com>
alias john-lucas John Lucas <info@sillkbox.com>
alias john-modin John Modin <johnmimo@gmail.com>
alias john-roswell John Roswell <bounceback@darconsult.us>
alias jon-rogstad Jon Rogstad <jon-rogs@online.no>
alias jon-wikne Jon Wikne <j.c.wikne@fys.uio.no>
alias jonas-faber Jonas Thoen Faber <jonasfaber@live.no>
alias jonas-folvik Jonas Folvik <jonas.folvik@gmail.com>
alias jonas-mørkås Jonas Modahl Mørkås <jonasmm@ifi.uio.no>
alias jonas-pnews Jonas pnews <news@belchertownmawellandpumpservice.com>
alias jonasmm@ifi.uio.no jonasmm@ifi.uio.no
alias jonathan-lillesæter Jonathan Lillesæter <jonathal@ifi.uio.no>
alias joshi@ifi.uio.no joshi@ifi.uio.no
alias judee-bjørgan Judee Isabel Ihasee Bjørgan <judeeisabel@gmail.com>
alias juli-jamne Juli Jamne <juli.jamne@bambora.com>
alias justin-3lau Justin 3LAU <justin@3lau.com>
alias jørgen-mundgjel Jørgen Mundgjel <joergen.mundgjel@gmail.com>
alias jørgen-mundgjel Jørgen Mundgjel <jorgen.mundgjel@fys.uio.no>
alias jørn-hagerup Jørn Hagerup <joern@ifi.uio.no>
alias jørn-hagerup Jørn Hagerup [mailto:joern@ifi.uio.no]
alias kaja-mosserud-haavardsholm Kaja Mosserud-Haavardsholm <kaja.mosserud-haavardsholm@its.uio.no>
alias kari-andersen Kari Anne Andersen <kariaand@student.matnat.uio.no>
alias karoline-hartvig Karoline Hartvig <hartvigkaroline@gmail.com>
alias karoline-hovland Karoline Killi Hovland <karolinekhovland@gmail.com>
alias katharina-vestre Katharina Vestre <katharina.vestre@gmail.com>
alias katja-younes Katja Younes <katja@nylas.com>
alias katrine-nilsen Katrine Knoph Nilsen <Katrine.Knoph.Nilsen@sio.no>
alias ketil-elgethun Ketil Hjort K Elgethun <ketil.elgethun@basefarm.com>
alias ketil-elgethun Ketil Kirkerud Elgethun <ketil@elgethun.no>
alias key-wong Key Wong <key.wong@mn.uio.no>
alias keylung-wong Keylung Wong <keylung.wong@mn.uio.no>
alias khoa-ho Khoa Nguyen Ho <khoaho88@gmail.com>
alias kickstarter-list Kickstarter List <team@kickstarterlist.com>
alias kim-lunde Kim Lunde <kim_lunde@hotmail.com>
alias kine-lund Kine Veronica Lund <kinevlund@gmail.com>
alias kitchn-bogstadveien Kitchn Grensen og Bogstadveien <ikkesvar@kitchn.no>
alias kjell-andresen Kjell Andresen <kjell.andresen@usit.uio.no>
alias kjetil-bakke Kjetil Bakke <kjetil.bakke@geo.uio.no>
alias kjetil-knutsen Kjetil Madsen Knutsen <kjetil.mk@live.no>
alias kjetil-lyder Kjetil Lyder <kl@dynabel.no>
alias kjetil-olsen Kjetil Otter Olsen <k.o.olsen@usit.uio.no>
alias klaus-wik Klaus Wik <klaus.wik@hf.uio.no>
alias kløvstad-idun Idun Kløvstad <idun.klovstad@gmail.com>
alias knut-borge Knut Borge <knut.borge@usit.uio.no>
alias knut-eirik-finn.no Knut-Eirik Baade via FINN.no <samtale-tjh47in7s@kontakt.finn.no>
alias knut-mørken Knut Martin Mørken <knutm@math.uio.no>
alias knut-ottersen Knut Ottersen <knut.ottersen@usit.uio.no>
alias komplett-mobil Komplett Mobil <kundeservice@komplettmobil.no>
alias konto-melding konto melding <info@greobell.com>
alias kontoen-melding kontoen melding <info@flownum.com>
alias kristen-døssland Kristen Døssland <kristen.dossland@usit.uio.no>
alias kristian-brox Kristian Hesselberg Brox <kristian.brox@gmail.com>
alias kristian-hesselberg Kristian Hesselberg Brox
alias kristin-bråthen Kristin Bråthen <kristinb@ifi.uio.no>
alias kristinb@ifi.uio.no kristinb@ifi.uio.no
alias kristine-berge Kristine Jevne Berge <kristijb@student.matnat.uio.no>
alias kristine-moseid Kristine Onsum Moseid <krisomos@student.geo.uio.no>
alias kristoffer-midtgaard Kristoffer Midtgaard <kristoffer.midtgaard@medisin.uio.no>
alias kultur--velferdsutvalget Kultur- og velferdsutvalget <velferdsutvalget@admin.uio.no>
alias kundemeldinger@vps.no kundemeldinger@vps.no
alias kundeservice@komplettmobil.no kundeservice@komplettmobil.no
alias lan-dag lan i dag <info@titanvega.com>
alias laptop-hjelp-request@ifi.uio.no laptop-hjelp-request@ifi.uio.no
alias lara-okafor Lara Catharina Ifunanya Okafor <lara.okafor@mn.uio.no>
alias lara-okafor Lara Okafor <lara.okafor@mn.uio.no>
alias lars-adamczak Lars Adamczak <support@picsolve.com>
alias lars-dreyer Lars Willas Dreyer <larswd@gmail.com>
alias lars-håkedal Lars Håkedal <larsha@ifi.uio.no>
alias lars-oftedal Lars Oftedal <lars.oftedal@usit.uio.no>
alias lars-onsrud Lars Petter Onsrud <l.p.onsrud@ibv.uio.no>
alias lars-tveito Lars Tveito <larstvei@ifi.uio.no>
alias laszlo-erdodi Laszlo Erdodi <laszloe@ifi.uio.no>
alias lave-strømpriser Lave strømpriser <newsletter@gmode.com.de>
alias lea-doodle Lea Maria Tallerud via Doodle <mailer@doodle.com>
alias leaf-thorseth Leaf Oliver Preston Thorseth <leaf@hdu.no>
alias leaf-thorseth Leaf Thorseth <leaf@hdu.no>
alias leaf-thorseth Leaf Thorseth <lothorse@student.matnat.uio.no>
alias leder@svff.no <leder@svff.no>
alias leonard-biermann Leonard Biermann <leonard.biermann@gmail.com>
alias lianjie-fan Lianjie Fan <lianjief@student.matnat.uio.no>
alias lillesæter-lunde Lillesæter Jonathan Lunde <jonathal@ifi.uio.no>
alias linkedin LinkedIn <invitations@linkedin.com>
alias linkedins-velkomstteam LinkedIns velkomstteam <messages-noreply@linkedin.com>
alias linn-fordelsen Linn Silje Undem Fordelsen <lsfordel@student.matnat.uio.no>
alias linn-hirsti Linn Katrine Hirsti <l.k.hirsti@ub.uio.no>
alias linn.thistel@sio.no linn.thistel@sio.no
alias lisa-fjellsport.no Lisa Erichsen i Fjellsport.no <kampanjer@fjellsport.no>
alias live-rasmussen Live Rasmussen <live.rasmussen@ub.uio.no>
alias logistics <info@tellnd.com>
alias logistra-as Logistra AS <no-reply@logistra.no>
alias lorry-kristiansen Lorry Kristiansen <lk@atendi.no>
alias lorry-kristiansen Lorry Kristiansen [mailto:lk@atendi.no]
alias louis-anderson LOUIS ANDERSON <info@kooltell.com>
alias ludvig-sæveland Ludvig Andre Sæveland <ludvig.andre.saveland@bambora.com>
alias löplabbet-as Löplabbet AS <loplabbet@loplabbet.no>
alias m-abohussein M Abohussein <m.abohussein@usit.uio.no>
alias m.h.tu@ibv.uio.no m.h.tu@ibv.uio.no
alias m.n.horta@mn.uio.no m.n.horta@mn.uio.no
alias mads-lomholt Mads Lomholt <mads.lomholt@ub.uio.no>
alias magasiner-tilbud Magasiner Tilbud <news@departedt.com>
alias magnus-holm Magnus Holm <magnus.holm@fys.uio.no>
alias magnus-hovland Magnus Hovland <magnus.hovland@usit.uio.no>
alias mahaindran-mahadevan Mahaindran Mahadevan <mahaindran.mahadevan@jus.uio.no>
alias mahaindran-mahadevan Mahaindran Mahadevan [mailto:mahaindran.mahadevan@jus.uio.no]
alias mail-subsystem Mail Delivery Subsystem <mailer-daemon@googlemail.com>
alias mail-system Mail Delivery System <mailer-daemon@usit.uio.no>
alias maja-øien Maja Øien <majaagnethe@gmail.com>
alias mansurd@student.uv.uio.no mansurd@student.uv.uio.no
alias marcus-olsen Marcus Olsen <T_MarcusO1@verifone.com>
alias marit-egner Marit Egner <marit.egner@admin.uio.no>
alias marit-tokle Marit Iren Rognli Tokle <mitokle@ifi.uio.no>
alias marius-sandberg Marius Alexander Sandberg <marasand@ifi.uio.no>
alias marius-sandberg Marius Sandberg <marasand@ifi.uio.no>
alias marius-torsvoll marius torsvoll <mariusellefsen@sf-nett.no>
alias marko-andic Marko Andic <marko.andic@usit.uio.no>
alias markus-neslein Markus Østbye Neslein <murkasen@gmail.com>
alias marte-svalastoga Marte Svalastoga <marte.svalastoga@usit.uio.no>
alias marthe-wo Marthe Wo <marthewo42@gmail.com>
alias martin-bore Martin Bore <martbo@ifi.uio.no>
alias martin-bore Martin Bore <martin.bore@usit.uio.no>
alias martin-heggem Martin Kristoffer Jørstad Heggem <mkheggem@ifi.uio.no>
alias martin-osnes Martin Osnes <martin.a.osnes@gmail.com>
alias martin-toft Martin Toft <martin.toft@uniforum.uio.no>
alias martin-tveten Martin Tveten <matveten@gmail.com>
alias martin.bore@usit.uio.no <martin.bore@usit.uio.no>
alias martin.bore@usit.uio.no martin.bore@usit.uio.no
alias mathias-kirkerød Mathias Kirkerød <mathias.kirkerod@gmail.com>
alias mathilassi-glenn Mathilassi Glenn <glenn.mathilassi@caverion.com>
alias mats-tande Mats Tande <mats.tande@katolsk.no>
alias matts-widen Matts Widen <info@neoitaly.com>
alias maxbo-gavekort Maxbo Gavekort <info@ktoohike.com>
alias maxbo-kundservice Maxbo Kundservice <info@titanvega.com>
alias maxbo-norge Maxbo Norge <info@setuback.com>
alias maximiliano-horta Maximiliano Horta <m.n.horta@mn.uio.no>
alias maximiliano-horta Maximiliano Horta <maximilianohorta94@gmail.com<mailto:maximilianohorta94@gmail.com>>
alias maximiliano-horta Maximiliano Horta <maximilianohorta94@gmail.com>
alias maximiliano-horta Maximiliano Horta <my@remarkable.com>
alias maximiliano-horta Maximiliano Horta [mailto:maximilianohorta94@gmail.com<mailto:maximilianohorta94@gmail.com>]
alias maximiliano-horta Maximiliano Horta [mailto:maximilianohorta94@gmail.com]
alias maximiliano-horta Maximiliano Horta [mailto:regiformann@rf.uio.no]
alias maximiliano-horta Maximiliano Nunez Horta <m.n.horta@mn.uio.no>
alias maximiliano-horta Maximiliano Nunez Horta <maximilianohorta94@gmail.com>
alias maximilianohorta94@gmail.com <maximilianohorta94@gmail.com>
alias maximilianohorta94@gmail.com maximilianohorta94@gmail.com
alias meimona-hakim Meimona Hakim <meimonah@student.matnat.uio.no>
alias meimonah@student.matnat.uio.no meimonah@student.matnat.uio.no
alias meldinger-linkedin Meldinger fra LinkedIn <security-noreply@linkedin.com>
alias merethe-alm Merethe Alm <merethe.alm@ub.uio.no>
alias merinam@student.matnat.uio.no merinam@student.matnat.uio.no
alias mette-sundal Mette Sundal <mette.sundal@usit.uio.no>
alias michael-nylas Michael at Nylas <hello@nylas.com>
alias mikael-dalsgard Mikael Dalsgard <mikael.dalsgard@usit.uio.no>
alias mike-d Mike D <updates@mailbasics.com>
alias mina-hannisdal Mina Hannisdal <minnisdal@gmail.com>
alias minimal-company Minimal Design Company <support@s.backerkit.com>
alias minimal-kickstarter Minimal Design Company via Kickstarter <notification@kickstarter.com>
alias mkblykrtl-finn.no mkblykrtl via FINN.no <samtale-s7q3cs4wu@kontakt.finn.no>
alias mn-eksamen-rt mn-eksamen via RT <eksamen@mn.uio.no>
alias mn-ifi-drift-rt mn-ifi-drift via RT <drift@ifi.uio.no>
alias mn-ifi-studieinfo-rt mn-ifi-studieinfo via RT <studieinfo@ifi.uio.no>
alias mn-its-studieinfo-rt mn-its-studieinfo via RT <studieinfo@its.uio.no>
alias monica-stamnes Monica Stamnes <monica.stamnes@usit.uio.no>
alias monika-fjeld Monika Johnsen Fjeld <m.j.fjeld@admin.uio.no>
alias morten-berntsen Morten Berntsen <morten.berntsen@kjemi.uio.no>
alias morten-finn.no Morten via FINN.no <samtale-ydwbclrpo@kontakt.finn.no>
alias morten-forsbring Morten Werner Forsbring <werner@usit.uio.no>
alias morten-jorve Morten Jorve <morten.jorve@brightgroup.com>
alias movember-foundation Movember Foundation <news@news.movember.com>
alias munir-yassin Munir Yassin <rendez_vous20@hotmail.com>
alias myra-hegrand Myra Hegrand <myra.hegrand@gmail.com>
alias møller-bil Møller Bil <noreply@moller.no>
alias møller-kalbakken MØLLER BIL KALBAKKEN <verkstedbestilling.032@moller.no>
alias møller-kalbakken Møller Bil Kalbakken <kalbakken@moller.no>
alias navigator-ltd Navigator Systems Ltd <sales@navigator.co.uk>
alias nelliesb@student.matnat.uio.no nelliesb@student.matnat.uio.no
alias new-request New request <info@emureb.com>
alias newsletter-team Newsletter Team <Support@backerkit.com>
alias nhi-le Nhi Nhu Kim Le <nnle@student.matnat.uio.no>
alias nicolas-eide Nicolas Harlem Eide <nicolaei@student.matnat.uio.no>
alias nikolas-papaioannou Nikolas Papaioannou <nikolasp@ifi.uio.no>
alias nils-gjerull Nils Fredrik Gjerull <n.f.gjerull@usit.uio.no>
alias nintendo-newsletter Nintendo Newsletter <nintendo@mail.nintendo-europe.com>
alias nnle@student.matnat.uio.no nnle@student.matnat.uio.no
alias no-ip-notices No-IP Notices <notice-26359478@noip.com>
alias no-reply@connect.ibxplatform.com no-reply@connect.ibxplatform.com
alias no-reply@coss.io no-reply@coss.io
alias no-reply@eu.sony.com no-reply@eu.sony.com
alias no-reply@ruter.no no-reply@ruter.no
alias no-reply@sio.no no-reply@sio.no
alias no-reply@spotify.com no-reply@spotify.com
alias no_reply@dnb.no no_reply@dnb.no
alias no_reply@norlonn.no no_reply@norlonn.no
alias no_reply@posten.no no_reply@posten.no
alias no_reply_NO@dell.com no_reply_NO@dell.com
alias nora-sakshaug nora sakshaug <nora_sakshaug@hotmail.com>
alias nora-t Nora T <nora.aat@gmail.com>
alias nordic-club Nordic Choice Club <newsletter@choice.no>
alias noreply-nettskjema <noreply@uio.no>
alias noreply@admin.uio.no noreply@admin.uio.no
alias noreply@altinn.no noreply@altinn.no
alias noreply@avshop.no noreply@avshop.no
alias noreply@dell.com noreply@dell.com
alias noreply@dnb.no noreply@dnb.no
alias noreply@eiendom.uio.no <noreply@eiendom.uio.no>
alias noreply@eiendom.uio.no noreply@eiendom.uio.no
alias noreply@elkjop.no <noreply@elkjop.no>
alias noreply@firstaudio.no noreply@firstaudio.no
alias noreply@ifi.uio.no <noreply@ifi.uio.no>
alias noreply@ifi.uio.no noreply@ifi.uio.no
alias noreply@telenor.com noreply@telenor.com
alias noreply@usit.uio.no noreply@usit.uio.no
alias norge@elfa.se norge@elfa.se
alias nrof-forbund NROF - Norske Reserveoffiserers Forbund <feedback@questback.com>
alias ocean-spania Ocean Hills Spania <info@b2millions.net>
alias ocean-spania Ocean Hills Spania <news@apocalym.com>
alias oda-kristensen Oda Kristensen <oda.kristensen@gmail.com>
alias odd-tørres-lunde Odd-Tørres Lunde <oddtorrl@ifi.uio.no>
alias ojd:-(2256) OJD: Kollokvierom Gamma (2256) <ga06-2256@rooms.uio.no>
alias olav-bjerke Olav Bjerke <olav.bje@gmail.com>
alias olav-drive) Olav Bjerke (via Google Drive) <olav.bje@gmail.com>
alias olav-kyrvestad Olav Stanly Kyrvestad [mailto:olavky@ifi.uio.no]
alias olav.bje@online.no <olav.bje@online.no>
alias ole-ottersen Ole Petter Ottersen <rektor@uio.no>
alias ole-svanekil Ole Martin Svanekil <o.m.svanekil@usit.uio.no>
alias ole-torvanger Ole Torvanger <Ole_Torvanger@hotmail.com>
alias ole-ulven Ole Ivar Ulven <o.i.ulven@fys.uio.no>
alias ole-vister Ole Martin Vister <ole_m_v@hotmail.com>
alias omid-mirmotahari Omid Mirmotahari <omid@mirmo.no>
alias omid-mirmotahari Omid Mirmotahari <omidmi@ifi.uio.no>
alias online-payment online payment <info@flownum.com>
alias online-recruitment Online Recruitment <info@greobell.com>
alias open-mathematics Open Journal of Discrete Mathematics <ojdm@reprfor.com>
alias operations@vipps.no operations@vipps.no
alias orbitkey-team Orbitkey Team <hello@orbitkey.com>
alias oscar-halse Oscar Halse <Oscar.Halse@outlook.com>
alias oscar-halse Oscar Halse <Oscar.Halse@outlook.com>
alias oskar-dønnum Oskar Arnesen Dønnum <okonomi@svff.no>
alias oslo-lys Oslo Lyd og Lys <post@oll.no>
alias oslo@nrof.no oslo@nrof.no
alias oslobysykkel-bysykkel OsloBysykkel fra Oslo Bysykkel <post@oslobysykkel.no>
alias oslodj.no-dj OsloDJ.no Partyutleie og DJ <dm@oslodj.no>
alias ove-finn.no Ove Martin Kolnes via FINN.no <samtale-debjkqyoa@kontakt.finn.no>
alias oystein.bergkvam@mn.uio.no oystein.bergkvam@mn.uio.no
alias patrick-painter Patrick at William Painter <patrick@williampainter.com>
alias payout <info@greobell.com>
alias payout-pending payout pending <info@ktoohike.com>
alias payout-pending payout pending <info@tellnd.com>
alias payout-request payout request <info@bhishmay.com>
alias payout-waiting Payout Waiting <info@kooltell.com>
alias peak-plateau Peak to Plateau <yaks@peaktoplateau.com>
alias peak-team Peak to Plateau Team <yaks@peaktoplateau.com>
alias peder-stray Peder Stray <peder@ifi.uio.no>
alias pending-payout pending payout <info@kooltell.com>
alias pending-payout pending payout <info@tellnd.com>
alias per-holden Per Ola Holden <per.ola.holden@brightgroup.com>
alias per-sunde Per Sunde <nestleder@dagenatifi.no>
alias per-sunde Per Sunde <persun@dagenatifi.no>
alias peter-hoff Peter Hoff <peteses@gmail.com>
alias petter-haavin Petter Haavin <petter.haavin@usit.uio.no>
alias petter-moen Petter sæther Moen <pettesm@student.matnat.uio.no>
alias piazza-team Piazza Team <no-reply@piazza.com>
alias piken-badekaret Piken i badekaret <aasmunds+badekarpiken@ulrik.uio.no>
alias polatap-kickstarter polatap via Kickstarter <notification@kickstarter.com>
alias post@dognvilltjuvholmen.no post@dognvilltjuvholmen.no
alias post@idrettsdugnad.no <donotreply@idrettsforbundet.no>
alias post@soundshop.no post@soundshop.no
alias power-norge POWER Norge <noreply@kundemail.power.no>
alias premier-guitar Premier Guitar <pg@premierguitar.com>
alias proshop-support Proshop - Support <b2b@proshop.no>
alias proshop-support Proshop - Support <support@proshop.no>
alias publikum-tv Publikum Feelgood Scene Film og TV <publikum@feelgoodmail.no>
alias pär-rosén Pär Axel Leonard Rosén <parosen@student.matnat.uio.no>
alias pål-bagstevold Pål Bagstevold <baxter7564@gmail.com>
alias pål-primstad Pål Primstad <funkansvarlig@dagenatifi.no>
alias pål-primstad pål Primstad <primstadp@gmail.com>
alias pål-tobiassen Pål Tobiassen <paaltob@gmail.com>
alias pål-tobiassen Pål Tobiassen <paaltob@student.matnat.uio.no>
alias q-park-booking Q-Park Booking <no-reply@easypark.net>
alias q-park-kundeservice Q-Park Norge Kundeservice <kundeservice@q-park.no>
alias r.s.asbah@fys.uio.no r.s.asbah@fys.uio.no
alias ragnfrid-kiplesund Ragnfrid Kiplesund Brandt
alias range-goods Range Travel Goods <info@rangetravelgoods.com>
alias raoul-ekeli Raoul Ekeli <raoul.ekeli@gmail.com>
alias raya-backerkit Raya at BackerKit <Support@backerkit.com>
alias raya-backerkit Raya at BackerKit <no-reply@backerkit.com>
alias realkarriere@mn.uio.no realkarriere@mn.uio.no
alias recipe-woolworths Recipe Woolworths <info@numflow.com>
alias recipes-allday Recipes allday <info@setuback.com>
alias recipes-online Recipes online <info@trelge.com>
alias recipes-online Recipes online <info@triloky.com>
alias regi-request@rf.uio.no regi-request@rf.uio.no
alias regi@rf.uio.no regi@rf.uio.no
alias registyret-request@rf.uio.no registyret-request@rf.uio.no
alias registyretV18 anette.fredriks1@gmail.com, heljemarie@gmail.com, akbakkelie@gmail.com
alias rektor@uio.no rektor@uio.no
alias request-tracker-rt request-tracker via RT <request-tracker@rt.uio.no>
alias revant-optics Revant Optics <news@revantoptics.com>
alias revygruppen-morrari Revygruppen Morrari <morrari.revy@gmail.com>
alias richard-ells Richard Ells <no-reply@electroneum.com>
alias rickard-finn.no Rickard Sandlier via FINN.no <samtale-vzzyul4za@kontakt.finn.no>
alias robert-hamar Robert Bauck Hamar <roberth@ifi.uio.no>
alias rosan-anderson Rosan Anderson <info@ktoohike.com>
alias roy-thorud Roy Thorud <roy.thorud@gmail.com>
alias rs-components RS Components <newsletter@news.rs-email.com>
alias rt-reminder RT reminder <request-tracker.uio.no@qualify-ulrik.uio.no>
alias rt-reminder RT reminder <request-tracker@hjelp.uio.no>
alias ruben-aaland Ruben Aaland <Ruben.aaland@agent.frende.no>
alias rummansust006-finn.no rummansust006 via FINN.no <samtale-jkadmzj6e@kontakt.finn.no>
alias rune-olsen Rune Olsen <rune.olsen@usit.uio.no>
alias rune-sivertsen Rune Sivertsen <arantasbashere@gmail.com>
alias ruter-ikke-svar Ruter Ikke-Svar <ikke-svar@ruter.no>
alias ryan-lucas Ryan Lucas <info@flownum.com>
alias ryan-lucas Ryan lucas <info@bonows.com>
alias ryan-lucas Ryan lucas <info@hyposk.com>
alias ryan-lucas Ryan lucas <info@trelge.com>
alias said-benounis Said Benounis <said.benounis@usit.uio.no>
alias salary-ready Salary ready <info@trelge.com>
alias salary-update Salary update <info@bonows.com>
alias sales@tacticalsupplyintl.com sales@tacticalsupplyintl.com
alias salg@avshop.no salg@avshop.no
alias salg@digitalimpuls.no salg@digitalimpuls.no
alias salg@multicom.no salg@multicom.no
alias sander-pnews Sander pnews <news@belchertownmawellandpumpservice.com>
alias sania-ahmed Sania Ahmed <sania.ahmed@student.jus.uio.no>
alias sania.ahmed@student.jus.uio.no sania.ahmed@student.jus.uio.no
alias sarah-sørensen Sarah Sørensen <s.sorensen@studentvelferd.no>
alias sarujanthan-subaschandran Sarujanthan Subaschandran <sarujanthan.subaschandran@mn.uio.no>
alias sebastian-gjertsen Sebastian Gjertsen <seb.gjertsen@gmail.com>
alias sebastian-heltberg Sebastian Heltberg <heltbergfs@gmail.com>
alias sento-slippers Sento Bathrobes and Slippers <hello@sentotowels.com>
alias service@mathworks.com service@mathworks.com
alias service@paypal.com <service@paypal.com>
alias shafique-finn.no Shafique Rahmani via FINN.no <samtale-agjoth5gn@kontakt.finn.no>
alias shelly-villanger Shelly Mercedes Villanger <s.m.villanger@ub.uio.no>
alias sigmund-slang Sigmund Slang <sigmund.slang@gmail.com>
alias sign-complete Sign up complete <info@sillkbox.com>
alias sign-reminder sign up reminder <info@sillkbox.com>
alias simon-funke Simon Wolfgang Funke <simon@simula.no>
alias simon-pettersen Simon Pettersen <simonpe@student.matnat.uio.no>
alias simon-pettersen Simon Pettersen <simpet95@gmail.com>
alias simon@simula.no simon@simula.no
alias sio-athletica SiO Athletica <noreply.athletica@sio.no>
alias sio-drikke SiO Mat og Drikke <feedback@questback.com>
alias sio-foreninger SiO Foreninger <foreninger@sio.no>
alias sissel-karlsen Sissel Karlsen <Sissel.Karlsen@sparebankstiftelsen.no>
alias sivert-hatteberg Sivert Hatteberg <sivert.hatteberg@usit.uio.no>
alias sivert-hatteberg Sivert Hatteberg <sivertkh@ifi.uio.no>
alias sivert-hatteberg Sivert Kronen Hatteberg <sivert@hatteberg.org>
alias sivert-hatteberg Sivert Kronen Hatteberg <sivertkh@ifi.uio.no>
alias sofia-abrha Sofia Lulseghade Abrha <s.l.abrha@geo.uio.no>
alias sofia-fredriksson Sofia Maria Fredriksson <sofiamfr@student.matnat.uio.no>
alias soufiane-homrani Soufiane Homrani <soufiane.homrani@geo.uio.no>
alias soufiane-homrani Soufiane Homrani <soufiane.homrani@mn.uio.no>
alias sputt-tusenfryd SPUTT Tusenfryd <butikkfoto@tusenfryd.no>
alias statistisk-sentralbyrå Statistisk sentralbyrå <warne.feijoo@gmail.com>
alias status-email Status Email <status@tacticalholsters.com>
alias steffen-sjursen Steffen Sjursen <sasjurse@gmail.com>
alias steffen-sjursen Steffen Sjursen <sasjurse@gmail.com>
alias steinar-skogheim Steinar Skogheim <steinar.skogheim@usit.uio.no>
alias steinar-østbye Steinar Østbye <steinar.ostbye@usit.uio.no>
alias stig-backsæther Stig Rune Backsæther <s.r.backsather@admin.uio.no>
alias stine-hverven Stine Myhre Hverven <stinemhv@ifi.uio.no>
alias stine-søberg Stine Søberg <stinehso@gmail.com>
alias stor-velkomstpakke Stor velkomstpakke <info@animalcks.com>
alias studentenes-(shot) Studentenes Helse- og Trivselsundersøkelse (SHoT) <studenthelse@fhi.no>
alias studentinfo@admin.uio.no studentinfo@admin.uio.no
alias studentkjellernes-personalforening Studentkjellernes personalforening <mail.eaccounting@visma.no>
alias studentsamskipnaden-akershus Studentsamskipnaden i Oslo og Akershus <feedback@questback.com>
alias studentutvalget@mn.uio.no studentutvalget@mn.uio.no
alias studieinfo@ifi.uio.no studieinfo@ifi.uio.no
alias studieinfo@math.uio.no studieinfo@math.uio.no
alias studieinfo@matnat.uio.no studieinfo@matnat.uio.no
alias studieinfo@mn.uio.no <studieinfo@mn.uio.no>
alias studieinfo@mn.uio.no studieinfo@mn.uio.no
alias ståle-johansen Ståle Askerød Johansen <s.a.johansen@usit.uio.no>
alias support-no Support - Proshop - NO <support@proshop.no>
alias support-no/trine Support - Proshop - NO/Trine <support@proshop.no>
alias support@bibsys.no support@bibsys.no
alias support@microcorruption.com support@microcorruption.com
alias support@mytrendyphone.no support@mytrendyphone.no
alias support@picsolve.com support@picsolve.com
alias susanne-tande Susanne Tande <invitations@linkedin.com>
alias susanne-tande Susanne Tande <susanm0702@hotmail.com>
alias susanne-tande Susanne Tande <susanne@tande.net>
alias susanne-tande Susanne Tande <utleiesjef@rf.uio.no>
alias suzanne-sagli Suzanne Sagli <s.sagli@studentvelferd.no>
alias svein-erik-sørensen Svein-Erik Sørensen <s.e.sorensen@mn.uio.no>
alias svein-stølen Svein Stølen <rektor@uio.no>
alias sven-høgdahl Sven Høgdahl <sven.hogdahl@usit.uio.no>
alias sventr@student.uv.uio.no sventr@student.uv.uio.no
alias sverre-didriksen Sverre Didriksen <sverre.didriksen@usit.uio.no>
alias sverrje@student.matnat.uio.no sverrje@student.matnat.uio.no
alias system-cracked System cracked <info@bhishmay.com>
alias system-message system message <info@flownum.com>
alias system-message system message <info@makeovwr.com>
alias søren-finn.no Søren via FINN.no <samtale-nez4lug2h@kontakt.finn.no>
alias tbnguyen@student.farmasi.uio.no tbnguyen@student.farmasi.uio.no
alias team-snapchat Team Snapchat <no_reply@snapchat.com>
alias tek5510/9510-1-programvare TEK5510/9510-1 18H operativsystemer og programvare <notifications@instructure.com>
alias tekna-avdeling Tekna Oslo avdeling <utsending@tekna.no>
alias tekna-data Tekna Big Data <utsending@tekna.no>
alias tekna-forening Tekna - Teknisk-naturvitenskapelig forening <utsending@tekna.no>
alias tekna-student Tekna Student <utsending@tekna.no>
alias tekna-student Tekna student <utsending@tekna.no>
alias teknisk-ukeblad Teknisk Ukeblad <noreply@tu.no>
alias teknisk@svff.no teknisk@svff.no
alias terje-kvernes Terje Kvernes <terjekv@math.uio.no>
alias terje-morka Terje Morka <Terje.Morka@gjensidige.no>
alias terje-thoresen Terje Kristian Lian Thoresen <t.k.l.thoresen@uv.uio.no>
alias terry-eller Terry L. Eller <info@landrebels.org>
alias the-kickstarter The Future Standard of Sound Technology via Kickstarter <notification@kickstarter.com>
alias the-project The Linux Counter Project <noreply@linuxcounter.net>
alias the-team The Official Pokémon GO Team <hello@pokemongolive.com>
alias the-team The Quora Team <noreply@quora.com>
alias the-team The Woodies Team <jenny@woodiesclothing.com>
alias thea-talåsen Thea Talåsen <thea@tusenfryd.no>
alias thegathering-request@ifi.uio.no thegathering-request@ifi.uio.no
alias therese-ringvold Therese Ringvold <therese.ringvold@mn.uio.no>
alias thomas-hansen Thomas Hansen <thoh@ifi.uio.no>
alias thomas-viken Thomas Viken <thomvik@student.matnat.uio.no>
alias thomvik@student.matnat.uio.no thomvik@student.matnat.uio.no
alias thor-h. Thor K. H. <notifications@github.com>
alias thor-høgås Thor Høgås <thor@roht.no>
alias thor-høgås Thor Høgås <tmhogaas@student.matnat.uio.no>
alias ticketmaster-norge Ticketmaster Norge <Firmapost@email.ticketmaster.no>
alias tlc TLC Komiteen <tlc-komiteen@rf.uio.no>
alias tobias-engen Tobias Engen <tobiasengen@gmail.com>
alias tobias-langhoff Tobias Langhoff <tobias.langhoff@usit.uio.no>
alias tobias-langhoff Tobias V. Langhoff <tobias@langhoff.no>
alias tobiasengen@gmail.com tobiasengen@gmail.com
alias tonje-røyeng Tonje Røyeng <tonjro@student.matnat.uio.no>
alias tor-fuglerud Tor Fuglerud <tor.fuglerud@usit.uio.no>
alias tor-fuglerud Tor Fuglerud [mailto:tor.fuglerud@usit.uio.no]
alias torben-leifsen Torben Leifsen <torben.leifsen@astro.uio.no>
alias torbjørn-aaberg Torbjørn Korella Aaberg <t.k.aaberg@odont.uio.no>
alias torbjørn-troldmyr Torbjørn Troldmyr <torbjorn.troldmyr@ub.uio.no>
alias tore-rønningen Tore Andre Rønningen <t.a.ronningen@ceres.no>
alias torgeir-christiansen Torgeir Christiansen <torgeir.christiansen@ils.uio.no>
alias torgeir-lebesbye Torgeir Lebesbye <torgeirl@ifi.uio.no>
alias torkil-vederhus Torkil Vederhus <torkilv@gmail.com>
alias torstein-ølberg Torstein Solheim Ølberg <mr.torstein@gmail.com>
alias torstein-ølberg Torstein Ølberg <mr.torstein@gmail.com>
alias tov-sletta Tov Sletta <tovsletta@icloud.com>
alias tovy-dinh Tovy Dinh <vytd@student.matnat.uio.no>
alias trade-assistant Trade assistant <info@numflow.com>
alias trimble-connect Trimble Connect <noreply@trimble.com>
alias trine-bjonum Trine Bjonum <trine@tusenfryd.no>
alias tritonos-as Tritonos Gruppen AS <post@tgruppen.no>
alias trond-amundsen Trond Hasle Amundsen <t.h.amundsen@usit.uio.no>
alias trond-lindskog Trond Lindskog <trond.lindskog@medisin.uio.no>
alias trond-sørby Trond Arne Sørby <t.a.sorby@its.uio.no>
alias trond-thorbjørnsen Trond Thorbjørnsen <trond.thorbjornsen@usit.uio.no>
alias trygve-torsrud Trygve Torsrud <trygve@oll.no>
alias trym-ekhaugen Trym Ekhaugen <trym.kaspar@gmail.com>
alias trym.kaspar <trym.kaspar@gmail.com>
alias tuhta-ismailova Tuhta Ismailova <tuhta.ismailova@its.uio.no>
alias tusenfryd-as TusenFryd AS <lonn@tusenfryd.no>
alias ulrik-seip Ulrik Seip <ulrik.seip@gmail.com>
alias universitetet-- Universitetet i Oslo - Institutt for Informatikk - Microsoft
alias universitetet-karrieresenteret Universitetet i Oslo- Karrieresenteret <karriere@sio.no>
alias unix-drift <unix-drift@usit.uio.no>
alias unix-drift-rt unix-drift via RT <unix-drift@usit.uio.no>
alias unni-lyngved Unni Lyngved <unni@tusenfryd.no>
alias usit-nett@usit.uio.no usit-nett@usit.uio.no
alias utleie@svff.no utleie@svff.no
alias uy-nguyen Uy Quang Nguyen <u.q.nguyen@mn.uio.no>
alias uyqn <u.q.nguyen@mn.uio.no>
alias valentyna-pysarieva valentyna pysarieva <valentyna.pysarieva@gmail.com>
alias varsel@efaktura.no varsel@efaktura.no
alias vegard-korvald Vegard Korvald <vegard.korvald@usit.uio.no>
alias vetleoe@student.matnat.uio.no vetleoe@student.matnat.uio.no
alias vikar Termvakt Vikar <termvakt-vikar@mn.uio.no>
alias vikaren-badekaret Vikaren i badekaret <svadacore.developers@gmail.com>
alias viktig <info@bhishmay.com>
alias viktig-melding viktig melding <info@tellnd.com>
alias viktige-nyheter viktige nyheter <info@sillkbox.com>
alias visma-as Visma Mamut AS <Visma.Mamut@visma.com>
alias visma-as Visma Software AS <kundesenteret@visma.com>
alias visma-as Visma Software AS <kurs@visma.no>
alias visma-eaccounting Visma eAccounting <hans.martin.thomassen@survey.visma.com>
alias volkswagen-norge Volkswagen Norge <noreply@moller.no>
alias webbutiken@teknikmagasinet.com webbutiken@teknikmagasinet.com
alias webmaster@altinn.no webmaster@altinn.no
alias wildhorn-outfitters Wildhorn Outfitters <no-reply@s.backerkit.com>
alias willy-johansen Willy Johansen <willy.johansen@avdesign.no>
alias windows-klient@usit.uio.no <windows-klient@usit.uio.no>
alias windows-program Windows Insider Program <windowsinsiderprogram@e-mail.microsoft.com>
alias wool-oak Wool & Oak <support@woolandoak.com>
alias yngve-hafting Yngve Hafting <yngveha@ifi.uio.no>
alias yngve-lindsjørn Yngve Lindsjørn <ynglin@ifi.uio.no>
alias younas-ibrahim Younas Mohammad Ibrahim <y.m.ibrahim@admin.uio.no>
alias your-active Your account is active <info@makeovwr.com>
alias your-active Your account is active <info@triloky.com>
alias yubico-deals Yubico Deals <yubideals+www@yubico.com>
alias yunsung.lee@studmed.uio.no yunsung.lee@studmed.uio.no
alias zero-coin Zero Fucks Coin <info@zerofuckscoin.com>
alias Åsmund-skjæveland Åsmund Steen Skjæveland <aasmunds@student.matnat.uio.no>
alias åslaug-walsøe Åslaug Haakaas Walsøe <aaslaug@tusenfryd.no>
alias åsmund-rosendahl Åsmund Rosendahl <aasmunjr@student.matnat.uio.no>
alias åsmund-skjæveland Åsmund Skjæveland <Asmund.Skjaeveland@kartverket.no>
alias åsmund-skjæveland Åsmund Skjæveland <aasmunds@student.matnat.uio.no>
alias åsmund-skjæveland Åsmund Skjæveland <asmund@student.matnat.uio.no>
alias åsmund-skjæveland Åsmund Steen Skjæveland <aasmunds@student.matnat.uio.no>
alias åsmund-skjæveland Åsmund Steen Skjæveland <skjaeve@gmail.com>
alias øystein-bergkvam Øystein Bergkvam <oystein.bergkvam@mn.uio.no>
alias øystein-døssland Øystein Carryl Solvang Døssland <ocdossla@math.uio.no>
alias øystein-larsen Øystein Larsen <oysteila@ifi.uio.no>
alias øyvin-wormnæs Øyvin Wormnæs <oyvin.wormnas@usit.uio.no>
alias øyvind-berg Øyvind Thomkhieo Berg <o.t.berg@imv.uio.no>
alias øyvind-finn.no Øyvind via FINN.no <samtale-pexu4ikja@kontakt.finn.no>
alias øyvind-stegard Øyvind Stegard <oyvind.stegard@usit.uio.no>
alias øyvind-svendsen Øyvind Svendsen <oyvind.svendsen1509@gmail.com>
alias karriere@sio.no karriere@sio.no
alias instructure-canvas Instructure Canvas <notifications@instructure.com>
